FIPS,Is Disadvantaged Community?,DAC Boolean
13001950100,FALSE,0
13001950201,TRUE,1
13001950202,TRUE,1
13001950301,TRUE,1
13001950302,TRUE,1
13001950400,FALSE,0
13001950500,FALSE,0
13003960100,TRUE,1
13003960200,FALSE,0
13003960300,TRUE,1
13005970100,TRUE,1
13005970201,TRUE,1
13005970202,TRUE,1
13007960100,TRUE,1
13007960200,TRUE,1
13009970101,FALSE,0
13009970102,FALSE,0
13009970201,TRUE,1
13009970202,TRUE,1
13009970301,FALSE,0
13009970302,FALSE,0
13009970400,TRUE,1
13009970501,TRUE,1
13009970502,TRUE,1
13009970600,TRUE,1
13009970701,TRUE,1
13009970702,TRUE,1
13009970801,TRUE,1
13009970802,TRUE,1
13011970100,TRUE,1
13011970200,TRUE,1
13011970300,TRUE,1
13011970400,TRUE,1
13013180103,FALSE,0
13013180104,FALSE,0
13013180105,FALSE,0
13013180106,FALSE,0
13013180107,FALSE,0
13013180108,TRUE,1
13013180203,TRUE,1
13013180204,FALSE,0
13013180205,TRUE,1
13013180206,FALSE,0
13013180301,FALSE,0
13013180302,FALSE,0
13013180303,TRUE,1
13013180401,FALSE,0
13013180402,FALSE,0
13013180501,FALSE,0
13013180502,FALSE,0
13013180503,FALSE,0
13015960101,FALSE,0
13015960103,FALSE,0
13015960104,FALSE,0
13015960105,FALSE,0
13015960201,FALSE,0
13015960202,FALSE,0
13015960203,FALSE,0
13015960301,FALSE,0
13015960302,FALSE,0
13015960403,FALSE,0
13015960404,FALSE,0
13015960405,FALSE,0
13015960406,FALSE,0
13015960407,FALSE,0
13015960501,TRUE,1
13015960502,TRUE,1
13015960601,FALSE,0
13015960602,FALSE,0
13015960701,TRUE,1
13015960702,TRUE,1
13015960801,FALSE,0
13015960802,FALSE,0
13015960804,FALSE,0
13015960805,FALSE,0
13015960901,TRUE,1
13015960902,FALSE,0
13015961001,FALSE,0
13015961002,FALSE,0
13017960100,TRUE,1
13017960200,TRUE,1
13017960300,TRUE,1
13017960400,TRUE,1
13017960501,TRUE,1
13017960502,TRUE,1
13019970100,TRUE,1
13019970200,TRUE,1
13019970300,TRUE,1
13019970400,TRUE,1
13019970500,TRUE,1
13019970600,TRUE,1
13021010100,TRUE,1
13021010200,FALSE,0
13021010400,TRUE,1
13021010500,TRUE,1
13021010800,FALSE,0
13021011001,TRUE,1
13021011002,TRUE,1
13021011100,TRUE,1
13021011500,TRUE,1
13021011701,TRUE,1
13021011702,TRUE,1
13021011800,FALSE,0
13021011900,FALSE,0
13021012000,FALSE,0
13021012101,FALSE,0
13021012102,FALSE,0
13021012200,TRUE,1
13021012400,TRUE,1
13021012500,TRUE,1
13021012600,TRUE,1
13021012700,TRUE,1
13021012800,TRUE,1
13021012900,TRUE,1
13021013101,TRUE,1
13021013102,TRUE,1
13021013201,TRUE,1
13021013202,TRUE,1
13021013302,TRUE,1
13021013407,TRUE,1
13021013408,FALSE,0
13021013409,FALSE,0
13021013411,FALSE,0
13021013412,FALSE,0
13021013413,FALSE,0
13021013502,FALSE,0
13021013503,FALSE,0
13021013505,FALSE,0
13021013506,FALSE,0
13021013603,FALSE,0
13021013604,FALSE,0
13021013605,FALSE,0
13021013607,FALSE,0
13021013608,FALSE,0
13021013701,TRUE,1
13021013702,TRUE,1
13021013800,TRUE,1
13021013900,TRUE,1
13021014000,FALSE,0
13023790100,TRUE,1
13023790200,TRUE,1
13023790301,FALSE,0
13023790302,FALSE,0
13025960101,TRUE,1
13025960102,TRUE,1
13025960201,TRUE,1
13025960202,TRUE,1
13025960300,FALSE,0
13027960200,TRUE,1
13027960301,FALSE,0
13027960302,FALSE,0
13027960400,TRUE,1
13027960500,TRUE,1
13027960600,TRUE,1
13029920101,TRUE,1
13029920103,TRUE,1
13029920104,TRUE,1
13029920301,FALSE,0
13029920303,FALSE,0
13029920305,FALSE,0
13029920307,FALSE,0
13029920308,FALSE,0
13029980000,FALSE,0
13031110100,TRUE,1
13031110201,TRUE,1
13031110202,TRUE,1
13031110301,FALSE,0
13031110302,FALSE,0
13031110401,TRUE,1
13031110405,TRUE,1
13031110406,TRUE,1
13031110407,TRUE,1
13031110408,TRUE,1
13031110500,FALSE,0
13031110602,FALSE,0
13031110603,FALSE,0
13031110604,FALSE,0
13031110701,FALSE,0
13031110702,FALSE,0
13031110703,FALSE,0
13031110800,TRUE,1
13031110901,TRUE,1
13031110902,TRUE,1
13033950101,FALSE,0
13033950102,FALSE,0
13033950200,TRUE,1
13033950400,TRUE,1
13033950500,TRUE,1
13033950700,TRUE,1
13033950900,TRUE,1
13035150101,FALSE,0
13035150102,FALSE,0
13035150201,TRUE,1
13035150202,TRUE,1
13035150300,TRUE,1
13037950100,TRUE,1
13037950200,TRUE,1
13039010100,FALSE,0
13039010201,FALSE,0
13039010202,FALSE,0
13039010302,FALSE,0
13039010303,FALSE,0
13039010304,FALSE,0
13039010305,FALSE,0
13039010403,FALSE,0
13039010404,FALSE,0
13039010405,FALSE,0
13039010406,FALSE,0
13039010407,FALSE,0
13039010500,FALSE,0
13039010602,TRUE,1
13039010603,TRUE,1
13039010604,TRUE,1
13043950100,TRUE,1
13043950200,TRUE,1
13043950300,TRUE,1
13045910101,FALSE,0
13045910103,FALSE,0
13045910105,FALSE,0
13045910106,FALSE,0
13045910201,FALSE,0
13045910202,FALSE,0
13045910203,FALSE,0
13045910301,TRUE,1
13045910302,TRUE,1
13045910400,TRUE,1
13045910502,TRUE,1
13045910503,TRUE,1
13045910504,TRUE,1
13045910600,FALSE,0
13045910704,FALSE,0
13045910705,FALSE,0
13045910706,FALSE,0
13045910707,FALSE,0
13045910708,FALSE,0
13045910709,FALSE,0
13045910800,TRUE,1
13045910900,FALSE,0
13045911001,FALSE,0
13045911002,FALSE,0
13045911101,FALSE,0
13045911102,FALSE,0
13045911201,TRUE,1
13045911202,TRUE,1
13047030100,TRUE,1
13047030201,FALSE,0
13047030202,FALSE,0
13047030303,FALSE,0
13047030304,FALSE,0
13047030305,FALSE,0
13047030306,FALSE,0
13047030402,FALSE,0
13047030403,FALSE,0
13047030404,FALSE,0
13047030501,FALSE,0
13047030502,FALSE,0
13047030600,FALSE,0
13047030701,FALSE,0
13047030702,FALSE,0
13049010101,TRUE,1
13049010102,TRUE,1
13049010200,FALSE,0
13051000601,TRUE,1
13051001100,TRUE,1
13051001200,TRUE,1
13051002000,TRUE,1
13051002100,TRUE,1
13051002200,TRUE,1
13051002300,TRUE,1
13051002600,FALSE,0
13051002700,TRUE,1
13051002800,TRUE,1
13051002900,FALSE,0
13051003000,FALSE,0
13051003301,TRUE,1
13051003302,TRUE,1
13051003400,FALSE,0
13051003501,TRUE,1
13051003502,TRUE,1
13051003601,TRUE,1
13051003602,TRUE,1
13051003700,TRUE,1
13051003800,FALSE,0
13051003900,FALSE,0
13051004001,FALSE,0
13051004002,FALSE,0
13051004100,FALSE,0
13051004207,TRUE,1
13051004208,FALSE,0
13051004209,TRUE,1
13051004210,FALSE,0
13051004211,FALSE,0
13051004212,FALSE,0
13051004300,TRUE,1
13051004400,TRUE,1
13051004500,TRUE,1
13051010102,TRUE,1
13051010200,FALSE,0
13051010502,TRUE,1
13051010503,TRUE,1
13051010504,TRUE,1
13051010601,FALSE,0
13051010603,FALSE,0
13051010701,FALSE,0
13051010702,FALSE,0
13051010703,FALSE,0
13051010704,FALSE,0
13051010705,FALSE,0
13051010706,FALSE,0
13051010707,FALSE,0
13051010801,FALSE,0
13051010806,FALSE,0
13051010807,FALSE,0
13051010810,FALSE,0
13051010811,FALSE,0
13051010812,FALSE,0
13051010813,FALSE,0
13051010814,FALSE,0
13051010815,FALSE,0
13051010816,FALSE,0
13051010817,FALSE,0
13051010818,FALSE,0
13051010819,FALSE,0
13051010820,FALSE,0
13051010821,FALSE,0
13051010901,TRUE,1
13051011004,FALSE,0
13051011005,FALSE,0
13051011006,FALSE,0
13051011007,FALSE,0
13051011008,FALSE,0
13051011104,FALSE,0
13051011107,FALSE,0
13051011108,FALSE,0
13051011110,FALSE,0
13051011111,FALSE,0
13051011112,FALSE,0
13051011113,FALSE,0
13051011114,FALSE,0
13051011115,FALSE,0
13051011200,FALSE,0
13051011300,FALSE,0
13051011400,TRUE,1
13051011500,FALSE,0
13051011600,TRUE,1
13051011700,FALSE,0
13051011800,FALSE,0
13051011900,FALSE,0
13051980000,FALSE,0
13053020100,TRUE,1
13053020201,FALSE,0
13053020203,FALSE,0
13053020205,FALSE,0
13053020206,FALSE,0
13055010100,FALSE,0
13055010201,TRUE,1
13055010202,TRUE,1
13055010300,TRUE,1
13055010401,TRUE,1
13055010402,TRUE,1
13055010501,TRUE,1
13055010502,TRUE,1
13055010600,FALSE,0
13057090101,FALSE,0
13057090102,FALSE,0
13057090103,FALSE,0
13057090201,FALSE,0
13057090202,FALSE,0
13057090301,FALSE,0
13057090302,FALSE,0
13057090303,FALSE,0
13057090401,TRUE,1
13057090402,TRUE,1
13057090503,FALSE,0
13057090504,FALSE,0
13057090505,FALSE,0
13057090506,FALSE,0
13057090507,FALSE,0
13057090603,FALSE,0
13057090604,FALSE,0
13057090605,FALSE,0
13057090606,FALSE,0
13057090703,FALSE,0
13057090704,FALSE,0
13057090705,FALSE,0
13057090706,FALSE,0
13057090707,FALSE,0
13057090708,FALSE,0
13057090709,FALSE,0
13057090710,FALSE,0
13057090805,FALSE,0
13057090806,FALSE,0
13057090807,FALSE,0
13057090808,FALSE,0
13057090809,FALSE,0
13057090810,FALSE,0
13057090905,FALSE,0
13057090906,FALSE,0
13057090907,FALSE,0
13057090908,FALSE,0
13057090909,FALSE,0
13057090910,FALSE,0
13057090911,FALSE,0
13057090912,FALSE,0
13057091001,FALSE,0
13057091006,FALSE,0
13057091007,FALSE,0
13057091009,FALSE,0
13057091010,FALSE,0
13057091011,FALSE,0
13057091012,FALSE,0
13057091013,FALSE,0
13057091014,FALSE,0
13057091101,FALSE,0
13057091104,FALSE,0
13057091105,FALSE,0
13057091106,FALSE,0
13057091107,FALSE,0
13057091108,FALSE,0
13059000100,FALSE,0
13059000401,FALSE,0
13059000402,FALSE,0
13059000600,TRUE,1
13059000900,TRUE,1
13059001200,FALSE,0
13059001700,FALSE,0
13059001800,FALSE,0
13059001900,FALSE,0
13059002000,FALSE,0
13059002100,FALSE,0
13059002200,FALSE,0
13059030101,TRUE,1
13059030102,TRUE,1
13059030200,TRUE,1
13059130300,TRUE,1
13059130400,FALSE,0
13059130500,FALSE,0
13059130601,FALSE,0
13059130602,FALSE,0
13059130701,FALSE,0
13059130702,FALSE,0
13059140300,TRUE,1
13059140400,TRUE,1
13059140500,TRUE,1
13059140600,FALSE,0
13059150300,FALSE,0
13059150400,FALSE,0
13059150500,FALSE,0
13059150600,FALSE,0
13059150701,FALSE,0
13059150702,FALSE,0
13059150800,FALSE,0
13059150900,FALSE,0
13061960300,TRUE,1
13063040202,TRUE,1
13063040203,TRUE,1
13063040204,FALSE,0
13063040302,TRUE,1
13063040306,TRUE,1
13063040307,TRUE,1
13063040308,TRUE,1
13063040309,TRUE,1
13063040310,FALSE,0
13063040407,TRUE,1
13063040409,TRUE,1
13063040410,TRUE,1
13063040414,TRUE,1
13063040416,TRUE,1
13063040417,TRUE,1
13063040418,TRUE,1
13063040419,TRUE,1
13063040420,FALSE,0
13063040421,FALSE,0
13063040422,FALSE,0
13063040423,FALSE,0
13063040424,FALSE,0
13063040425,FALSE,0
13063040426,FALSE,0
13063040427,FALSE,0
13063040509,FALSE,0
13063040510,TRUE,1
13063040512,TRUE,1
13063040513,TRUE,1
13063040518,TRUE,1
13063040519,TRUE,1
13063040521,TRUE,1
13063040522,TRUE,1
13063040523,TRUE,1
13063040525,TRUE,1
13063040527,TRUE,1
13063040528,TRUE,1
13063040529,TRUE,1
13063040530,FALSE,0
13063040531,FALSE,0
13063040532,FALSE,0
13063040533,FALSE,0
13063040534,FALSE,0
13063040535,FALSE,0
13063040536,FALSE,0
13063040537,FALSE,0
13063040538,FALSE,0
13063040606,FALSE,0
13063040609,FALSE,0
13063040614,FALSE,0
13063040615,FALSE,0
13063040617,FALSE,0
13063040623,TRUE,1
13063040624,TRUE,1
13063040625,TRUE,1
13063040626,TRUE,1
13063040627,TRUE,1
13063040628,TRUE,1
13063040629,TRUE,1
13063040630,FALSE,0
13063040631,FALSE,0
13063040632,FALSE,0
13063040633,FALSE,0
13063040634,FALSE,0
13063040635,FALSE,0
13063040636,FALSE,0
13063040637,FALSE,0
13063040638,FALSE,0
13063040639,FALSE,0
13063980000,FALSE,0
13065970100,TRUE,1
13065970200,TRUE,1
13067030104,FALSE,0
13067030107,FALSE,0
13067030108,FALSE,0
13067030109,FALSE,0
13067030110,FALSE,0
13067030111,FALSE,0
13067030112,FALSE,0
13067030113,FALSE,0
13067030220,FALSE,0
13067030233,FALSE,0
13067030235,FALSE,0
13067030236,FALSE,0
13067030240,FALSE,0
13067030241,FALSE,0
13067030242,FALSE,0
13067030243,FALSE,0
13067030244,FALSE,0
13067030245,FALSE,0
13067030246,FALSE,0
13067030247,FALSE,0
13067030248,FALSE,0
13067030249,FALSE,0
13067030250,FALSE,0
13067030251,FALSE,0
13067030252,FALSE,0
13067030253,FALSE,0
13067030254,FALSE,0
13067030255,FALSE,0
13067030256,FALSE,0
13067030257,FALSE,0
13067030258,FALSE,0
13067030259,FALSE,0
13067030260,FALSE,0
13067030261,FALSE,0
13067030262,FALSE,0
13067030263,FALSE,0
13067030264,FALSE,0
13067030265,FALSE,0
13067030266,FALSE,0
13067030267,FALSE,0
13067030268,FALSE,0
13067030269,FALSE,0
13067030270,FALSE,0
13067030271,FALSE,0
13067030272,FALSE,0
13067030273,FALSE,0
13067030274,FALSE,0
13067030275,FALSE,0
13067030276,FALSE,0
13067030277,FALSE,0
13067030278,FALSE,0
13067030319,FALSE,0
13067030322,FALSE,0
13067030324,FALSE,0
13067030326,FALSE,0
13067030327,FALSE,0
13067030329,FALSE,0
13067030331,FALSE,0
13067030332,FALSE,0
13067030334,FALSE,0
13067030335,FALSE,0
13067030337,FALSE,0
13067030340,FALSE,0
13067030341,FALSE,0
13067030342,FALSE,0
13067030343,FALSE,0
13067030344,FALSE,0
13067030345,FALSE,0
13067030346,FALSE,0
13067030347,FALSE,0
13067030348,FALSE,0
13067030349,FALSE,0
13067030350,FALSE,0
13067030351,FALSE,0
13067030352,FALSE,0
13067030353,FALSE,0
13067030354,FALSE,0
13067030355,FALSE,0
13067030356,FALSE,0
13067030357,FALSE,0
13067030358,FALSE,0
13067030359,FALSE,0
13067030360,FALSE,0
13067030361,FALSE,0
13067030362,FALSE,0
13067030363,FALSE,0
13067030364,FALSE,0
13067030365,FALSE,0
13067030366,FALSE,0
13067030367,FALSE,0
13067030368,FALSE,0
13067030369,FALSE,0
13067030370,FALSE,0
13067030405,FALSE,0
13067030407,FALSE,0
13067030408,FALSE,0
13067030409,FALSE,0
13067030410,FALSE,0
13067030411,TRUE,1
13067030412,TRUE,1
13067030413,TRUE,1
13067030414,TRUE,1
13067030505,FALSE,0
13067030506,FALSE,0
13067030507,FALSE,0
13067030508,FALSE,0
13067030509,FALSE,0
13067030510,FALSE,0
13067030511,FALSE,0
13067030602,FALSE,0
13067030603,FALSE,0
13067030604,FALSE,0
13067030700,TRUE,1
13067030800,FALSE,0
13067030906,TRUE,1
13067030907,TRUE,1
13067030908,TRUE,1
13067030909,TRUE,1
13067030910,FALSE,0
13067030911,FALSE,0
13067030912,FALSE,0
13067031001,TRUE,1
13067031004,TRUE,1
13067031005,TRUE,1
13067031006,TRUE,1
13067031007,TRUE,1
13067031101,FALSE,0
13067031110,FALSE,0
13067031111,FALSE,0
13067031112,FALSE,0
13067031113,FALSE,0
13067031114,FALSE,0
13067031115,FALSE,0
13067031116,FALSE,0
13067031117,FALSE,0
13067031118,FALSE,0
13067031119,FALSE,0
13067031120,FALSE,0
13067031121,FALSE,0
13067031122,FALSE,0
13067031207,FALSE,0
13067031209,FALSE,0
13067031212,FALSE,0
13067031213,FALSE,0
13067031214,FALSE,0
13067031215,FALSE,0
13067031216,FALSE,0
13067031217,FALSE,0
13067031218,FALSE,0
13067031219,FALSE,0
13067031220,FALSE,0
13067031221,FALSE,0
13067031306,FALSE,0
13067031308,FALSE,0
13067031314,FALSE,0
13067031315,FALSE,0
13067031316,FALSE,0
13067031317,FALSE,0
13067031318,FALSE,0
13067031319,FALSE,0
13067031320,FALSE,0
13067031321,FALSE,0
13067031322,FALSE,0
13067031323,FALSE,0
13067031324,FALSE,0
13067031325,FALSE,0
13067031409,FALSE,0
13067031410,FALSE,0
13067031411,FALSE,0
13067031412,FALSE,0
13067031413,FALSE,0
13067031414,FALSE,0
13067031415,FALSE,0
13067031416,FALSE,0
13067031417,FALSE,0
13067031506,FALSE,0
13067031507,FALSE,0
13067031510,FALSE,0
13067031511,FALSE,0
13067031512,FALSE,0
13067031513,FALSE,0
13067031514,FALSE,0
13067031515,FALSE,0
13067031516,FALSE,0
13067031517,FALSE,0
13067031518,FALSE,0
13069010100,TRUE,1
13069010200,FALSE,0
13069010301,TRUE,1
13069010302,TRUE,1
13069010401,TRUE,1
13069010402,TRUE,1
13069010500,TRUE,1
13069010600,FALSE,0
13069010701,FALSE,0
13069010702,FALSE,0
13069010801,TRUE,1
13069010802,TRUE,1
13071970101,TRUE,1
13071970102,TRUE,1
13071970200,TRUE,1
13071970301,TRUE,1
13071970302,TRUE,1
13071970400,TRUE,1
13071970500,FALSE,0
13071970601,TRUE,1
13071970602,TRUE,1
13071970702,TRUE,1
13071970703,TRUE,1
13071970704,TRUE,1
13071970800,TRUE,1
13071970901,FALSE,0
13071970902,FALSE,0
13073030103,FALSE,0
13073030105,FALSE,0
13073030106,FALSE,0
13073030107,FALSE,0
13073030108,FALSE,0
13073030201,FALSE,0
13073030202,FALSE,0
13073030203,FALSE,0
13073030304,FALSE,0
13073030306,FALSE,0
13073030307,FALSE,0
13073030308,FALSE,0
13073030310,FALSE,0
13073030311,FALSE,0
13073030312,FALSE,0
13073030313,FALSE,0
13073030401,FALSE,0
13073030403,FALSE,0
13073030404,FALSE,0
13073030503,FALSE,0
13073030504,FALSE,0
13073030505,FALSE,0
13073030507,FALSE,0
13073030508,FALSE,0
13073030603,FALSE,0
13075960100,TRUE,1
13075960200,TRUE,1
13075960301,TRUE,1
13075960302,TRUE,1
13075960400,TRUE,1
13077170101,FALSE,0
13077170102,FALSE,0
13077170200,FALSE,0
13077170303,FALSE,0
13077170304,FALSE,0
13077170307,FALSE,0
13077170308,FALSE,0
13077170309,FALSE,0
13077170310,FALSE,0
13077170403,FALSE,0
13077170404,FALSE,0
13077170405,FALSE,0
13077170406,FALSE,0
13077170407,FALSE,0
13077170408,FALSE,0
13077170501,FALSE,0
13077170502,FALSE,0
13077170503,FALSE,0
13077170603,FALSE,0
13077170604,FALSE,0
13077170605,FALSE,0
13077170606,FALSE,0
13077170607,FALSE,0
13077170701,FALSE,0
13077170702,FALSE,0
13077170801,FALSE,0
13077170802,FALSE,0
13079070100,TRUE,1
13079070201,TRUE,1
13079070202,TRUE,1
13081010100,TRUE,1
13081010201,TRUE,1
13081010202,TRUE,1
13081010300,TRUE,1
13081010400,TRUE,1
13081010500,TRUE,1
13083040102,TRUE,1
13083040103,TRUE,1
13083040104,TRUE,1
13083040200,FALSE,0
13083040300,FALSE,0
13085970101,FALSE,0
13085970102,FALSE,0
13085970103,FALSE,0
13085970203,FALSE,0
13085970204,FALSE,0
13085970205,FALSE,0
13085970206,FALSE,0
13087970100,TRUE,1
13087970200,TRUE,1
13087970301,TRUE,1
13087970302,TRUE,1
13087970400,TRUE,1
13087970600,TRUE,1
13087970700,TRUE,1
13087970800,TRUE,1
13089020100,FALSE,0
13089020200,FALSE,0
13089020300,FALSE,0
13089020400,FALSE,0
13089020500,FALSE,0
13089020600,TRUE,1
13089020700,FALSE,0
13089020801,FALSE,0
13089020802,FALSE,0
13089020901,FALSE,0
13089020902,FALSE,0
13089021101,FALSE,0
13089021103,FALSE,0
13089021104,FALSE,0
13089021204,FALSE,0
13089021208,FALSE,0
13089021210,FALSE,0
13089021211,FALSE,0
13089021213,FALSE,0
13089021217,FALSE,0
13089021219,FALSE,0
13089021220,FALSE,0
13089021221,FALSE,0
13089021222,FALSE,0
13089021223,FALSE,0
13089021224,FALSE,0
13089021225,FALSE,0
13089021226,FALSE,0
13089021227,FALSE,0
13089021228,FALSE,0
13089021229,FALSE,0
13089021230,FALSE,0
13089021301,TRUE,1
13089021305,TRUE,1
13089021306,TRUE,1
13089021307,TRUE,1
13089021308,TRUE,1
13089021309,TRUE,1
13089021310,FALSE,0
13089021405,FALSE,0
13089021409,TRUE,1
13089021410,TRUE,1
13089021411,TRUE,1
13089021412,TRUE,1
13089021415,TRUE,1
13089021416,TRUE,1
13089021417,TRUE,1
13089021418,TRUE,1
13089021419,TRUE,1
13089021420,FALSE,0
13089021421,FALSE,0
13089021502,FALSE,0
13089021503,FALSE,0
13089021505,FALSE,0
13089021506,FALSE,0
13089021602,FALSE,0
13089021604,FALSE,0
13089021606,FALSE,0
13089021607,FALSE,0
13089021608,FALSE,0
13089021609,FALSE,0
13089021703,FALSE,0
13089021707,FALSE,0
13089021708,FALSE,0
13089021709,FALSE,0
13089021710,FALSE,0
13089021711,FALSE,0
13089021712,FALSE,0
13089021808,FALSE,0
13089021812,TRUE,1
13089021813,TRUE,1
13089021815,TRUE,1
13089021816,TRUE,1
13089021817,TRUE,1
13089021818,TRUE,1
13089021819,TRUE,1
13089021820,FALSE,0
13089021821,FALSE,0
13089021822,FALSE,0
13089021823,FALSE,0
13089021824,FALSE,0
13089021906,TRUE,1
13089021908,TRUE,1
13089021910,FALSE,0
13089021911,TRUE,1
13089021912,FALSE,0
13089021913,TRUE,1
13089021914,FALSE,0
13089021915,FALSE,0
13089021916,FALSE,0
13089021917,FALSE,0
13089022001,TRUE,1
13089022005,TRUE,1
13089022007,TRUE,1
13089022010,TRUE,1
13089022011,FALSE,0
13089022012,FALSE,0
13089022013,FALSE,0
13089022014,FALSE,0
13089022015,FALSE,0
13089022016,FALSE,0
13089022100,TRUE,1
13089022203,TRUE,1
13089022205,TRUE,1
13089022206,TRUE,1
13089022302,FALSE,0
13089022303,FALSE,0
13089022304,FALSE,0
13089022401,FALSE,0
13089022403,FALSE,0
13089022404,FALSE,0
13089022405,FALSE,0
13089022501,FALSE,0
13089022502,FALSE,0
13089022601,FALSE,0
13089022602,FALSE,0
13089022700,FALSE,0
13089022800,FALSE,0
13089022900,FALSE,0
13089023000,FALSE,0
13089023101,TRUE,1
13089023102,FALSE,0
13089023107,FALSE,0
13089023108,TRUE,1
13089023111,TRUE,1
13089023112,TRUE,1
13089023113,FALSE,0
13089023114,TRUE,1
13089023115,TRUE,1
13089023209,TRUE,1
13089023211,TRUE,1
13089023212,TRUE,1
13089023213,TRUE,1
13089023214,TRUE,1
13089023215,TRUE,1
13089023216,TRUE,1
13089023217,TRUE,1
13089023218,TRUE,1
13089023219,TRUE,1
13089023220,FALSE,0
13089023221,FALSE,0
13089023222,FALSE,0
13089023311,FALSE,0
13089023313,FALSE,0
13089023315,FALSE,0
13089023317,FALSE,0
13089023318,FALSE,0
13089023319,FALSE,0
13089023320,FALSE,0
13089023321,FALSE,0
13089023322,FALSE,0
13089023323,FALSE,0
13089023324,FALSE,0
13089023325,FALSE,0
13089023326,FALSE,0
13089023327,FALSE,0
13089023328,FALSE,0
13089023329,FALSE,0
13089023330,FALSE,0
13089023331,FALSE,0
13089023332,FALSE,0
13089023410,FALSE,0
13089023411,FALSE,0
13089023413,FALSE,0
13089023422,TRUE,1
13089023424,TRUE,1
13089023425,TRUE,1
13089023426,TRUE,1
13089023427,TRUE,1
13089023429,TRUE,1
13089023430,FALSE,0
13089023431,FALSE,0
13089023432,FALSE,0
13089023433,FALSE,0
13089023434,FALSE,0
13089023435,FALSE,0
13089023436,FALSE,0
13089023437,FALSE,0
13089023438,FALSE,0
13089023439,FALSE,0
13089023440,FALSE,0
13089023441,FALSE,0
13089023442,FALSE,0
13089023443,FALSE,0
13089023444,FALSE,0
13089023445,FALSE,0
13089023446,FALSE,0
13089023447,FALSE,0
13089023448,FALSE,0
13089023501,TRUE,1
13089023504,TRUE,1
13089023505,TRUE,1
13089023506,TRUE,1
13089023507,FALSE,0
13089023601,TRUE,1
13089023602,TRUE,1
13089023603,TRUE,1
13089023701,TRUE,1
13089023702,TRUE,1
13089023801,FALSE,0
13089023802,TRUE,1
13089023803,TRUE,1
13089980000,FALSE,0
13091960100,TRUE,1
13091960200,FALSE,0
13091960301,FALSE,0
13091960302,FALSE,0
13091960400,TRUE,1
13091960500,FALSE,0
13091960600,TRUE,1
13093970100,TRUE,1
13093970200,TRUE,1
13093970300,TRUE,1
13095000101,TRUE,1
13095000102,TRUE,1
13095000200,TRUE,1
13095000400,TRUE,1
13095000501,FALSE,0
13095000502,FALSE,0
13095000600,TRUE,1
13095000700,FALSE,0
13095000800,TRUE,1
13095000900,TRUE,1
13095001000,TRUE,1
13095001100,TRUE,1
13095001403,TRUE,1
13095001500,TRUE,1
13095010302,TRUE,1
13095010401,FALSE,0
13095010402,TRUE,1
13095010403,FALSE,0
13095010500,FALSE,0
13095010601,TRUE,1
13095010602,TRUE,1
13095010701,TRUE,1
13095010702,TRUE,1
13095010900,TRUE,1
13095011000,TRUE,1
13095011200,TRUE,1
13095011300,TRUE,1
13095011400,TRUE,1
13095011600,TRUE,1
13097080104,FALSE,0
13097080105,FALSE,0
13097080106,FALSE,0
13097080107,FALSE,0
13097080201,FALSE,0
13097080203,FALSE,0
13097080204,FALSE,0
13097080303,TRUE,1
13097080304,TRUE,1
13097080305,TRUE,1
13097080306,TRUE,1
13097080307,TRUE,1
13097080403,FALSE,0
13097080405,FALSE,0
13097080406,FALSE,0
13097080407,FALSE,0
13097080408,FALSE,0
13097080505,FALSE,0
13097080506,FALSE,0
13097080507,TRUE,1
13097080508,TRUE,1
13097080509,FALSE,0
13097080512,FALSE,0
13097080513,FALSE,0
13097080514,FALSE,0
13097080515,FALSE,0
13097080602,FALSE,0
13097080605,FALSE,0
13097080606,FALSE,0
13097080607,FALSE,0
13097080608,FALSE,0
13099090100,TRUE,1
13099090200,TRUE,1
13099090300,TRUE,1
13099090400,TRUE,1
13099090500,TRUE,1
13101880100,FALSE,0
13101880200,FALSE,0
13103030100,FALSE,0
13103030204,FALSE,0
13103030205,FALSE,0
13103030206,FALSE,0
13103030207,FALSE,0
13103030208,FALSE,0
13103030209,FALSE,0
13103030301,FALSE,0
13103030303,FALSE,0
13103030306,FALSE,0
13103030307,FALSE,0
13103030308,FALSE,0
13103030309,FALSE,0
13103030401,FALSE,0
13103030403,FALSE,0
13103030404,FALSE,0
13105000100,TRUE,1
13105000200,TRUE,1
13105000300,TRUE,1
13105000400,TRUE,1
13105000501,TRUE,1
13105000502,TRUE,1
13107970101,TRUE,1
13107970102,TRUE,1
13107970200,TRUE,1
13107970300,TRUE,1
13107970401,TRUE,1
13107970402,TRUE,1
13107970500,TRUE,1
13107970601,TRUE,1
13107970602,TRUE,1
13109970100,FALSE,0
13109970200,FALSE,0
13109970300,TRUE,1
13111050100,TRUE,1
13111050200,TRUE,1
13111050300,FALSE,0
13111050400,FALSE,0
13111050500,FALSE,0
13113140102,FALSE,0
13113140103,FALSE,0
13113140104,FALSE,0
13113140203,FALSE,0
13113140204,FALSE,0
13113140206,FALSE,0
13113140207,FALSE,0
13113140209,FALSE,0
13113140210,FALSE,0
13113140303,FALSE,0
13113140304,FALSE,0
13113140305,FALSE,0
13113140307,FALSE,0
13113140308,FALSE,0
13113140309,FALSE,0
13113140403,FALSE,0
13113140404,FALSE,0
13113140405,FALSE,0
13113140406,FALSE,0
13113140408,FALSE,0
13113140409,FALSE,0
13113140410,FALSE,0
13113140501,FALSE,0
13113140502,FALSE,0
13115000100,FALSE,0
13115000202,FALSE,0
13115000203,FALSE,0
13115000204,FALSE,0
13115000300,FALSE,0
13115000401,FALSE,0
13115000402,FALSE,0
13115000403,FALSE,0
13115000500,TRUE,1
13115000600,FALSE,0
13115000700,FALSE,0
13115000800,FALSE,0
13115000900,FALSE,0
13115001100,TRUE,1
13115001200,TRUE,1
13115001301,TRUE,1
13115001302,TRUE,1
13115001400,FALSE,0
13115001600,TRUE,1
13115001703,TRUE,1
13115001704,TRUE,1
13115001705,TRUE,1
13115001706,TRUE,1
13115001800,FALSE,0
13115002000,FALSE,0
13115002100,TRUE,1
13117130101,FALSE,0
13117130102,FALSE,0
13117130103,FALSE,0
13117130104,FALSE,0
13117130105,FALSE,0
13117130201,FALSE,0
13117130202,FALSE,0
13117130203,FALSE,0
13117130204,FALSE,0
13117130205,FALSE,0
13117130301,FALSE,0
13117130302,FALSE,0
13117130303,FALSE,0
13117130304,FALSE,0
13117130305,FALSE,0
13117130306,FALSE,0
13117130307,FALSE,0
13117130406,FALSE,0
13117130409,FALSE,0
13117130410,FALSE,0
13117130411,FALSE,0
13117130412,FALSE,0
13117130413,FALSE,0
13117130414,FALSE,0
13117130415,FALSE,0
13117130503,FALSE,0
13117130504,FALSE,0
13117130505,FALSE,0
13117130506,FALSE,0
13117130507,FALSE,0
13117130508,FALSE,0
13117130509,FALSE,0
13117130511,FALSE,0
13117130512,FALSE,0
13117130601,FALSE,0
13117130602,FALSE,0
13117130603,FALSE,0
13117130604,FALSE,0
13117130605,FALSE,0
13117130606,FALSE,0
13117130607,FALSE,0
13117130608,FALSE,0
13117130609,FALSE,0
13117130610,FALSE,0
13117130611,FALSE,0
13117130613,FALSE,0
13117130614,FALSE,0
13117130615,FALSE,0
13119890101,TRUE,1
13119890103,TRUE,1
13119890104,TRUE,1
13119890201,TRUE,1
13119890202,TRUE,1
13119890300,FALSE,0
13119890401,TRUE,1
13119890402,TRUE,1
13121000100,FALSE,0
13121000201,FALSE,0
13121000202,FALSE,0
13121000400,FALSE,0
13121000501,FALSE,0
13121000502,FALSE,0
13121000601,FALSE,0
13121000602,FALSE,0
13121000700,FALSE,0
13121001001,FALSE,0
13121001002,FALSE,0
13121001101,FALSE,0
13121001102,FALSE,0
13121001203,FALSE,0
13121001204,FALSE,0
13121001205,FALSE,0
13121001206,FALSE,0
13121001301,FALSE,0
13121001302,FALSE,0
13121001400,FALSE,0
13121001501,FALSE,0
13121001502,FALSE,0
13121001600,FALSE,0
13121001701,FALSE,0
13121001702,FALSE,0
13121001801,FALSE,0
13121001802,FALSE,0
13121001901,FALSE,0
13121001902,FALSE,0
13121002100,TRUE,1
13121002300,TRUE,1
13121002400,TRUE,1
13121002500,TRUE,1
13121002600,TRUE,1
13121002801,FALSE,0
13121002802,FALSE,0
13121002900,FALSE,0
13121003000,FALSE,0
13121003100,FALSE,0
13121003200,FALSE,0
13121003500,TRUE,1
13121003600,TRUE,1
13121003700,TRUE,1
13121003800,TRUE,1
13121003900,TRUE,1
13121004000,TRUE,1
13121004100,TRUE,1
13121004200,TRUE,1
13121004300,TRUE,1
13121004400,TRUE,1
13121004800,TRUE,1
13121004900,FALSE,0
13121005000,FALSE,0
13121005200,FALSE,0
13121005300,FALSE,0
13121005501,TRUE,1
13121005503,TRUE,1
13121005504,TRUE,1
13121005700,TRUE,1
13121005800,TRUE,1
13121006000,TRUE,1
13121006100,TRUE,1
13121006200,TRUE,1
13121006300,TRUE,1
13121006400,TRUE,1
13121006500,TRUE,1
13121006601,TRUE,1
13121006602,TRUE,1
13121006701,TRUE,1
13121006702,TRUE,1
13121006801,TRUE,1
13121006802,TRUE,1
13121006900,FALSE,0
13121007001,TRUE,1
13121007002,TRUE,1
13121007100,TRUE,1
13121007200,TRUE,1
13121007301,TRUE,1
13121007302,TRUE,1
13121007400,TRUE,1
13121007500,TRUE,1
13121007602,TRUE,1
13121007603,TRUE,1
13121007604,TRUE,1
13121007703,FALSE,0
13121007705,FALSE,0
13121007707,FALSE,0
13121007708,FALSE,0
13121007709,FALSE,0
13121007710,FALSE,0
13121007711,FALSE,0
13121007805,TRUE,1
13121007806,TRUE,1
13121007807,TRUE,1
13121007808,TRUE,1
13121007809,TRUE,1
13121007810,FALSE,0
13121007900,FALSE,0
13121008000,TRUE,1
13121008103,TRUE,1
13121008104,TRUE,1
13121008202,TRUE,1
13121008203,TRUE,1
13121008204,TRUE,1
13121008301,TRUE,1
13121008302,TRUE,1
13121008400,TRUE,1
13121008500,TRUE,1
13121008601,TRUE,1
13121008602,TRUE,1
13121008701,TRUE,1
13121008702,TRUE,1
13121008801,FALSE,0
13121008802,FALSE,0
13121008903,FALSE,0
13121008905,FALSE,0
13121008906,FALSE,0
13121008907,FALSE,0
13121008908,FALSE,0
13121008909,FALSE,0
13121009001,FALSE,0
13121009002,FALSE,0
13121009103,FALSE,0
13121009104,FALSE,0
13121009105,FALSE,0
13121009106,FALSE,0
13121009201,FALSE,0
13121009202,FALSE,0
13121009203,FALSE,0
13121009301,FALSE,0
13121009302,FALSE,0
13121009405,FALSE,0
13121009406,FALSE,0
13121009407,FALSE,0
13121009408,FALSE,0
13121009409,FALSE,0
13121009410,FALSE,0
13121009411,FALSE,0
13121009501,FALSE,0
13121009503,FALSE,0
13121009504,FALSE,0
13121009601,FALSE,0
13121009604,FALSE,0
13121009605,FALSE,0
13121009606,FALSE,0
13121009607,FALSE,0
13121009700,FALSE,0
13121009802,FALSE,0
13121009803,FALSE,0
13121009804,FALSE,0
13121009900,FALSE,0
13121010003,FALSE,0
13121010004,FALSE,0
13121010005,FALSE,0
13121010006,FALSE,0
13121010007,FALSE,0
13121010106,FALSE,0
13121010107,FALSE,0
13121010108,FALSE,0
13121010115,FALSE,0
13121010117,FALSE,0
13121010120,FALSE,0
13121010121,FALSE,0
13121010124,FALSE,0
13121010125,FALSE,0
13121010126,FALSE,0
13121010127,FALSE,0
13121010128,FALSE,0
13121010129,FALSE,0
13121010130,FALSE,0
13121010131,FALSE,0
13121010132,FALSE,0
13121010133,FALSE,0
13121010134,FALSE,0
13121010135,FALSE,0
13121010136,FALSE,0
13121010137,FALSE,0
13121010204,FALSE,0
13121010211,FALSE,0
13121010212,FALSE,0
13121010213,FALSE,0
13121010214,FALSE,0
13121010215,FALSE,0
13121010216,FALSE,0
13121010217,FALSE,0
13121010218,FALSE,0
13121010219,FALSE,0
13121010220,FALSE,0
13121010221,FALSE,0
13121010222,FALSE,0
13121010223,FALSE,0
13121010305,FALSE,0
13121010306,FALSE,0
13121010307,FALSE,0
13121010308,FALSE,0
13121010309,FALSE,0
13121010310,FALSE,0
13121010311,FALSE,0
13121010312,FALSE,0
13121010313,FALSE,0
13121010314,FALSE,0
13121010315,FALSE,0
13121010401,FALSE,0
13121010402,FALSE,0
13121010508,TRUE,1
13121010517,FALSE,0
13121010518,FALSE,0
13121010519,FALSE,0
13121010520,FALSE,0
13121010521,FALSE,0
13121010522,FALSE,0
13121010523,FALSE,0
13121010524,FALSE,0
13121010525,FALSE,0
13121010526,FALSE,0
13121010527,FALSE,0
13121010528,FALSE,0
13121010529,FALSE,0
13121010530,FALSE,0
13121010531,FALSE,0
13121010532,FALSE,0
13121010533,FALSE,0
13121010534,FALSE,0
13121010535,FALSE,0
13121010536,FALSE,0
13121010537,FALSE,0
13121010538,FALSE,0
13121010539,FALSE,0
13121010540,FALSE,0
13121010601,TRUE,1
13121010603,TRUE,1
13121010604,TRUE,1
13121010801,TRUE,1
13121010802,TRUE,1
13121011000,TRUE,1
13121011100,FALSE,0
13121011202,TRUE,1
13121011203,TRUE,1
13121011204,TRUE,1
13121011301,TRUE,1
13121011306,TRUE,1
13121011307,TRUE,1
13121011308,TRUE,1
13121011309,TRUE,1
13121011310,FALSE,0
13121011416,FALSE,0
13121011417,FALSE,0
13121011419,FALSE,0
13121011421,FALSE,0
13121011422,FALSE,0
13121011423,FALSE,0
13121011424,FALSE,0
13121011426,FALSE,0
13121011428,FALSE,0
13121011429,FALSE,0
13121011430,FALSE,0
13121011431,FALSE,0
13121011432,FALSE,0
13121011433,FALSE,0
13121011434,FALSE,0
13121011435,FALSE,0
13121011436,FALSE,0
13121011437,FALSE,0
13121011438,FALSE,0
13121011439,FALSE,0
13121011440,FALSE,0
13121011441,FALSE,0
13121011442,FALSE,0
13121011443,FALSE,0
13121011444,FALSE,0
13121011445,FALSE,0
13121011446,FALSE,0
13121011505,FALSE,0
13121011507,FALSE,0
13121011508,FALSE,0
13121011509,FALSE,0
13121011510,FALSE,0
13121011511,FALSE,0
13121011512,FALSE,0
13121011513,FALSE,0
13121011514,FALSE,0
13121011515,FALSE,0
13121011612,FALSE,0
13121011618,FALSE,0
13121011624,FALSE,0
13121011627,FALSE,0
13121011628,FALSE,0
13121011629,FALSE,0
13121011630,FALSE,0
13121011631,FALSE,0
13121011632,FALSE,0
13121011633,FALSE,0
13121011634,FALSE,0
13121011635,FALSE,0
13121011636,FALSE,0
13121011637,FALSE,0
13121011638,FALSE,0
13121011639,FALSE,0
13121011640,FALSE,0
13121011641,FALSE,0
13121011642,FALSE,0
13121011643,FALSE,0
13121011644,FALSE,0
13121011645,FALSE,0
13121011646,FALSE,0
13121011647,FALSE,0
13121011648,FALSE,0
13121011649,FALSE,0
13121011650,FALSE,0
13121011651,FALSE,0
13121011652,FALSE,0
13121011653,FALSE,0
13121011654,FALSE,0
13121011655,FALSE,0
13121011656,FALSE,0
13121011657,FALSE,0
13121011658,FALSE,0
13121011659,FALSE,0
13121011660,FALSE,0
13121011661,FALSE,0
13121011801,TRUE,1
13121011802,TRUE,1
13121011901,FALSE,0
13121011902,FALSE,0
13121012000,TRUE,1
13121012300,FALSE,0
13121980000,FALSE,0
13123080100,FALSE,0
13123080200,FALSE,0
13123080301,TRUE,1
13123080302,TRUE,1
13123080401,TRUE,1
13123080402,TRUE,1
13123080403,TRUE,1
13123080500,TRUE,1
13125010100,FALSE,0
13127000101,FALSE,0
13127000103,FALSE,0
13127000104,FALSE,0
13127000201,FALSE,0
13127000202,FALSE,0
13127000301,FALSE,0
13127000302,FALSE,0
13127000303,FALSE,0
13127000403,FALSE,0
13127000405,FALSE,0
13127000406,FALSE,0
13127000407,FALSE,0
13127000408,FALSE,0
13127000409,FALSE,0
13127000501,TRUE,1
13127000503,TRUE,1
13127000504,TRUE,1
13127000601,TRUE,1
13127000602,TRUE,1
13127000701,TRUE,1
13127000702,TRUE,1
13127000800,TRUE,1
13127000900,TRUE,1
13127001001,FALSE,0
13127001002,FALSE,0
13129970101,FALSE,0
13129970102,FALSE,0
13129970201,FALSE,0
13129970202,FALSE,0
13129970301,FALSE,0
13129970302,FALSE,0
13129970400,FALSE,0
13129970500,FALSE,0
13129970601,FALSE,0
13129970602,FALSE,0
13129970700,FALSE,0
13129970801,FALSE,0
13129970802,FALSE,0
13129970901,FALSE,0
13129970902,FALSE,0
13131950100,TRUE,1
13131950200,TRUE,1
13131950300,TRUE,1
13131950401,TRUE,1
13131950402,TRUE,1
13131950501,TRUE,1
13131950502,TRUE,1
13131950600,TRUE,1
13133950100,TRUE,1
13133950200,TRUE,1
13133950301,TRUE,1
13133950302,TRUE,1
13133950304,TRUE,1
13133950305,TRUE,1
13133950400,TRUE,1
13133950500,TRUE,1
13135050105,FALSE,0
13135050110,FALSE,0
13135050111,FALSE,0
13135050112,FALSE,0
13135050113,FALSE,0
13135050114,FALSE,0
13135050115,FALSE,0
13135050116,FALSE,0
13135050117,FALSE,0
13135050118,FALSE,0
13135050119,FALSE,0
13135050120,FALSE,0
13135050121,FALSE,0
13135050205,TRUE,1
13135050215,FALSE,0
13135050218,FALSE,0
13135050219,FALSE,0
13135050221,FALSE,0
13135050222,FALSE,0
13135050223,FALSE,0
13135050224,FALSE,0
13135050225,FALSE,0
13135050226,FALSE,0
13135050227,FALSE,0
13135050228,FALSE,0
13135050229,FALSE,0
13135050230,FALSE,0
13135050231,FALSE,0
13135050232,FALSE,0
13135050233,FALSE,0
13135050234,FALSE,0
13135050235,FALSE,0
13135050236,FALSE,0
13135050237,FALSE,0
13135050238,FALSE,0
13135050239,FALSE,0
13135050240,FALSE,0
13135050241,FALSE,0
13135050242,FALSE,0
13135050243,FALSE,0
13135050244,FALSE,0
13135050306,FALSE,0
13135050308,FALSE,0
13135050311,TRUE,1
13135050315,TRUE,1
13135050317,TRUE,1
13135050318,TRUE,1
13135050321,TRUE,1
13135050322,TRUE,1
13135050323,TRUE,1
13135050324,TRUE,1
13135050325,TRUE,1
13135050326,TRUE,1
13135050327,TRUE,1
13135050328,TRUE,1
13135050329,TRUE,1
13135050330,FALSE,0
13135050331,FALSE,0
13135050332,FALSE,0
13135050333,FALSE,0
13135050334,FALSE,0
13135050335,FALSE,0
13135050336,FALSE,0
13135050415,TRUE,1
13135050416,TRUE,1
13135050425,FALSE,0
13135050427,FALSE,0
13135050430,TRUE,1
13135050433,TRUE,1
13135050435,TRUE,1
13135050437,TRUE,1
13135050438,TRUE,1
13135050439,TRUE,1
13135050440,FALSE,0
13135050441,FALSE,0
13135050442,FALSE,0
13135050443,FALSE,0
13135050444,FALSE,0
13135050445,FALSE,0
13135050446,FALSE,0
13135050447,FALSE,0
13135050448,FALSE,0
13135050449,FALSE,0
13135050450,FALSE,0
13135050451,FALSE,0
13135050452,FALSE,0
13135050453,FALSE,0
13135050454,FALSE,0
13135050455,FALSE,0
13135050456,FALSE,0
13135050457,FALSE,0
13135050458,FALSE,0
13135050459,FALSE,0
13135050460,FALSE,0
13135050461,FALSE,0
13135050462,FALSE,0
13135050463,FALSE,0
13135050464,FALSE,0
13135050465,FALSE,0
13135050466,FALSE,0
13135050520,FALSE,0
13135050521,FALSE,0
13135050522,FALSE,0
13135050526,FALSE,0
13135050528,FALSE,0
13135050529,FALSE,0
13135050530,FALSE,0
13135050536,FALSE,0
13135050537,FALSE,0
13135050539,FALSE,0
13135050541,FALSE,0
13135050542,FALSE,0
13135050549,FALSE,0
13135050550,FALSE,0
13135050551,FALSE,0
13135050552,FALSE,0
13135050553,FALSE,0
13135050554,FALSE,0
13135050555,FALSE,0
13135050556,FALSE,0
13135050557,FALSE,0
13135050558,FALSE,0
13135050559,FALSE,0
13135050560,FALSE,0
13135050561,FALSE,0
13135050562,FALSE,0
13135050563,FALSE,0
13135050564,FALSE,0
13135050565,FALSE,0
13135050566,FALSE,0
13135050567,FALSE,0
13135050568,FALSE,0
13135050569,FALSE,0
13135050570,FALSE,0
13135050571,FALSE,0
13135050572,FALSE,0
13135050573,FALSE,0
13135050574,FALSE,0
13135050575,FALSE,0
13135050576,FALSE,0
13135050577,FALSE,0
13135050578,FALSE,0
13135050579,FALSE,0
13135050580,FALSE,0
13135050581,FALSE,0
13135050582,FALSE,0
13135050583,FALSE,0
13135050584,FALSE,0
13135050585,FALSE,0
13135050586,FALSE,0
13135050587,FALSE,0
13135050588,FALSE,0
13135050589,FALSE,0
13135050590,FALSE,0
13135050591,FALSE,0
13135050611,FALSE,0
13135050612,FALSE,0
13135050613,FALSE,0
13135050614,FALSE,0
13135050615,FALSE,0
13135050616,FALSE,0
13135050617,FALSE,0
13135050618,FALSE,0
13135050619,FALSE,0
13135050620,FALSE,0
13135050621,FALSE,0
13135050622,FALSE,0
13135050623,FALSE,0
13135050624,FALSE,0
13135050625,FALSE,0
13135050626,FALSE,0
13135050627,FALSE,0
13135050628,FALSE,0
13135050629,FALSE,0
13135050630,FALSE,0
13135050631,FALSE,0
13135050632,FALSE,0
13135050633,FALSE,0
13135050634,FALSE,0
13135050635,FALSE,0
13135050636,FALSE,0
13135050715,FALSE,0
13135050719,FALSE,0
13135050722,FALSE,0
13135050725,FALSE,0
13135050729,FALSE,0
13135050732,FALSE,0
13135050733,FALSE,0
13135050734,FALSE,0
13135050735,FALSE,0
13135050736,FALSE,0
13135050737,FALSE,0
13135050738,FALSE,0
13135050739,FALSE,0
13135050740,FALSE,0
13135050741,FALSE,0
13135050742,FALSE,0
13135050743,FALSE,0
13135050744,FALSE,0
13135050745,FALSE,0
13135050746,FALSE,0
13135050747,FALSE,0
13135050748,FALSE,0
13135050749,FALSE,0
13135050750,FALSE,0
13135050751,FALSE,0
13135050752,FALSE,0
13135050753,FALSE,0
13135050754,FALSE,0
13135050755,FALSE,0
13135050756,FALSE,0
13135050757,FALSE,0
13135050758,FALSE,0
13135050759,FALSE,0
13135050760,FALSE,0
13135050761,FALSE,0
13135050762,FALSE,0
13135050763,FALSE,0
13135050764,FALSE,0
13135050765,FALSE,0
13137000100,FALSE,0
13137000201,FALSE,0
13137000203,FALSE,0
13137000204,FALSE,0
13137000300,TRUE,1
13137000400,FALSE,0
13137000501,FALSE,0
13137000502,FALSE,0
13137000601,TRUE,1
13137000603,TRUE,1
13137000604,TRUE,1
13139000101,TRUE,1
13139000102,FALSE,0
13139000203,FALSE,0
13139000204,FALSE,0
13139000205,FALSE,0
13139000206,FALSE,0
13139000303,FALSE,0
13139000304,FALSE,0
13139000305,FALSE,0
13139000306,FALSE,0
13139000307,FALSE,0
13139000401,FALSE,0
13139000402,FALSE,0
13139000501,FALSE,0
13139000502,FALSE,0
13139000601,TRUE,1
13139000602,TRUE,1
13139000702,TRUE,1
13139000703,TRUE,1
13139000704,TRUE,1
13139000800,TRUE,1
13139000901,FALSE,0
13139000902,FALSE,0
13139001004,TRUE,1
13139001005,TRUE,1
13139001006,TRUE,1
13139001007,TRUE,1
13139001008,TRUE,1
13139001101,TRUE,1
13139001102,TRUE,1
13139001202,TRUE,1
13139001203,TRUE,1
13139001204,TRUE,1
13139001302,TRUE,1
13139001303,TRUE,1
13139001304,TRUE,1
13139001402,FALSE,0
13139001404,FALSE,0
13139001405,FALSE,0
13139001406,FALSE,0
13139001501,FALSE,0
13139001502,FALSE,0
13139001603,FALSE,0
13139001605,FALSE,0
13139001606,FALSE,0
13139001607,FALSE,0
13139001609,FALSE,0
13139001610,FALSE,0
13139001611,FALSE,0
13139001612,FALSE,0
13141480300,TRUE,1
13141480400,TRUE,1
13143010100,TRUE,1
13143010201,FALSE,0
13143010202,FALSE,0
13143010301,FALSE,0
13143010303,FALSE,0
13143010304,FALSE,0
13143010401,FALSE,0
13143010402,FALSE,0
13145120198,FALSE,0
13145120200,TRUE,1
13145120301,FALSE,0
13145120302,FALSE,0
13145120401,FALSE,0
13145120403,FALSE,0
13145120404,FALSE,0
13147960101,FALSE,0
13147960102,FALSE,0
13147960103,FALSE,0
13147960200,FALSE,0
13147960300,FALSE,0
13147960401,TRUE,1
13147960402,TRUE,1
13147960501,TRUE,1
13147960502,TRUE,1
13147960503,TRUE,1
13149970100,TRUE,1
13149970200,FALSE,0
13149970300,FALSE,0
13151070109,FALSE,0
13151070113,FALSE,0
13151070114,FALSE,0
13151070115,FALSE,0
13151070116,FALSE,0
13151070117,FALSE,0
13151070118,FALSE,0
13151070119,FALSE,0
13151070120,FALSE,0
13151070121,FALSE,0
13151070122,FALSE,0
13151070123,FALSE,0
13151070124,FALSE,0
13151070125,FALSE,0
13151070126,FALSE,0
13151070127,FALSE,0
13151070128,FALSE,0
13151070204,FALSE,0
13151070206,FALSE,0
13151070207,FALSE,0
13151070208,FALSE,0
13151070209,FALSE,0
13151070210,FALSE,0
13151070211,FALSE,0
13151070212,FALSE,0
13151070213,FALSE,0
13151070214,FALSE,0
13151070215,FALSE,0
13151070216,FALSE,0
13151070307,FALSE,0
13151070310,FALSE,0
13151070312,FALSE,0
13151070313,FALSE,0
13151070314,FALSE,0
13151070315,FALSE,0
13151070316,FALSE,0
13151070317,FALSE,0
13151070318,FALSE,0
13151070319,FALSE,0
13151070320,FALSE,0
13151070321,FALSE,0
13151070322,FALSE,0
13151070323,FALSE,0
13151070324,FALSE,0
13151070325,FALSE,0
13151070405,FALSE,0
13151070406,FALSE,0
13151070407,FALSE,0
13151070408,FALSE,0
13151070409,FALSE,0
13151070410,FALSE,0
13151070411,FALSE,0
13151070412,FALSE,0
13151070503,FALSE,0
13151070504,FALSE,0
13151070505,FALSE,0
13151070506,FALSE,0
13151070507,FALSE,0
13151070508,FALSE,0
13153020106,FALSE,0
13153020108,FALSE,0
13153020110,FALSE,0
13153020111,FALSE,0
13153020112,FALSE,0
13153020113,FALSE,0
13153020200,FALSE,0
13153020301,TRUE,1
13153020302,TRUE,1
13153020400,TRUE,1
13153020600,FALSE,0
13153020700,TRUE,1
13153020800,FALSE,0
13153020900,FALSE,0
13153021001,FALSE,0
13153021002,FALSE,0
13153021108,FALSE,0
13153021114,FALSE,0
13153021115,FALSE,0
13153021116,FALSE,0
13153021117,FALSE,0
13153021118,FALSE,0
13153021119,FALSE,0
13153021120,FALSE,0
13153021121,FALSE,0
13153021122,FALSE,0
13153021123,FALSE,0
13153021124,FALSE,0
13153021125,FALSE,0
13153021203,FALSE,0
13153021204,FALSE,0
13153021205,FALSE,0
13153021206,FALSE,0
13153021300,TRUE,1
13153021401,FALSE,0
13153021402,FALSE,0
13153021501,FALSE,0
13153021502,FALSE,0
13155950100,TRUE,1
13155950201,FALSE,0
13155950202,FALSE,0
13157010104,FALSE,0
13157010105,FALSE,0
13157010106,FALSE,0
13157010107,FALSE,0
13157010108,FALSE,0
13157010109,FALSE,0
13157010200,TRUE,1
13157010300,FALSE,0
13157010400,TRUE,1
13157010500,TRUE,1
13157010601,FALSE,0
13157010602,FALSE,0
13157010701,FALSE,0
13157010703,FALSE,0
13157010704,FALSE,0
13157010705,FALSE,0
13157010706,FALSE,0
13159010100,TRUE,1
13159010200,TRUE,1
13159010501,TRUE,1
13159010502,TRUE,1
13159010503,TRUE,1
13161960101,TRUE,1
13161960102,TRUE,1
13161960201,FALSE,0
13161960202,FALSE,0
13161960300,FALSE,0
13163960100,TRUE,1
13163960200,TRUE,1
13163960300,TRUE,1
13163960400,TRUE,1
13165960100,TRUE,1
13165960200,TRUE,1
13167960100,TRUE,1
13167960201,TRUE,1
13167960202,TRUE,1
13167960300,TRUE,1
13169030101,TRUE,1
13169030103,TRUE,1
13169030105,TRUE,1
13169030106,TRUE,1
13169030200,TRUE,1
13169030303,FALSE,0
13169030304,FALSE,0
13169030305,FALSE,0
13169030306,FALSE,0
13171970100,FALSE,0
13171970201,FALSE,0
13171970202,FALSE,0
13171970300,TRUE,1
13173950100,TRUE,1
13173950201,FALSE,0
13173950202,FALSE,0
13175950100,TRUE,1
13175950201,FALSE,0
13175950202,FALSE,0
13175950300,TRUE,1
13175950400,TRUE,1
13175950500,TRUE,1
13175950600,FALSE,0
13175950700,TRUE,1
13175950800,TRUE,1
13175950900,TRUE,1
13175951001,TRUE,1
13175951002,TRUE,1
13175951100,TRUE,1
13175951400,FALSE,0
13177020101,FALSE,0
13177020102,FALSE,0
13177020200,FALSE,0
13177020301,FALSE,0
13177020302,FALSE,0
13177020403,FALSE,0
13177020404,FALSE,0
13177020405,FALSE,0
13179010101,FALSE,0
13179010102,FALSE,0
13179010103,FALSE,0
13179010202,TRUE,1
13179010204,TRUE,1
13179010205,FALSE,0
13179010206,FALSE,0
13179010207,TRUE,1
13179010208,FALSE,0
13179010301,TRUE,1
13179010302,TRUE,1
13179010401,FALSE,0
13179010402,FALSE,0
13179010501,FALSE,0
13179010503,FALSE,0
13179010504,FALSE,0
13179010600,TRUE,1
13181970100,TRUE,1
13181970200,TRUE,1
13183970101,TRUE,1
13183970102,TRUE,1
13183970201,FALSE,0
13183970202,FALSE,0
13183980000,FALSE,0
13185010101,FALSE,0
13185010102,FALSE,0
13185010103,FALSE,0
13185010201,FALSE,0
13185010203,FALSE,0
13185010204,FALSE,0
13185010301,FALSE,0
13185010302,FALSE,0
13185010401,TRUE,1
13185010403,TRUE,1
13185010404,TRUE,1
13185010500,TRUE,1
13185010601,FALSE,0
13185010604,FALSE,0
13185010700,TRUE,1
13185010801,TRUE,1
13185010802,TRUE,1
13185010900,TRUE,1
13185011000,TRUE,1
13185011100,FALSE,0
13185011200,FALSE,0
13185011301,TRUE,1
13185011302,TRUE,1
13185011401,TRUE,1
13185011402,TRUE,1
13185011404,TRUE,1
13185011405,TRUE,1
13185011500,TRUE,1
13185011600,TRUE,1
13187960103,FALSE,0
13187960104,FALSE,0
13187960105,FALSE,0
13187960106,FALSE,0
13187960203,FALSE,0
13187960204,FALSE,0
13187960205,FALSE,0
13187960206,FALSE,0
13189950100,FALSE,0
13189950200,TRUE,1
13189950300,TRUE,1
13189950401,TRUE,1
13189950402,TRUE,1
13189950500,TRUE,1
13191110101,FALSE,0
13191110102,FALSE,0
13191110103,FALSE,0
13191110201,TRUE,1
13191110202,TRUE,1
13191110300,TRUE,1
13191980000,FALSE,0
13193000100,TRUE,1
13193000200,TRUE,1
13193000300,TRUE,1
13193000400,TRUE,1
13195020100,TRUE,1
13195020200,TRUE,1
13195020300,TRUE,1
13195020400,FALSE,0
13195020501,FALSE,0
13195020502,FALSE,0
13195020600,FALSE,0
13197920100,TRUE,1
13197920200,TRUE,1
13199970501,TRUE,1
13199970502,TRUE,1
13199970600,TRUE,1
13199970701,TRUE,1
13199970702,TRUE,1
13199970801,TRUE,1
13199970802,TRUE,1
13201950100,TRUE,1
13201950200,TRUE,1
13201950300,TRUE,1
13205090100,TRUE,1
13205090200,TRUE,1
13205090300,TRUE,1
13205090401,TRUE,1
13205090402,TRUE,1
13205090501,TRUE,1
13205090502,TRUE,1
13207050101,TRUE,1
13207050102,TRUE,1
13207050200,FALSE,0
13207050301,FALSE,0
13207050302,FALSE,0
13209950100,FALSE,0
13209950200,FALSE,0
13209950300,FALSE,0
13211010100,FALSE,0
13211010200,FALSE,0
13211010301,FALSE,0
13211010302,FALSE,0
13211010400,FALSE,0
13211010500,FALSE,0
13213010100,TRUE,1
13213010201,FALSE,0
13213010203,FALSE,0
13213010204,FALSE,0
13213010300,TRUE,1
13213010401,FALSE,0
13213010402,FALSE,0
13213010500,FALSE,0
13213010600,TRUE,1
13213010700,TRUE,1
13215000200,FALSE,0
13215000300,TRUE,1
13215000400,TRUE,1
13215000800,TRUE,1
13215000900,FALSE,0
13215001000,FALSE,0
13215001100,FALSE,0
13215001200,FALSE,0
13215001400,TRUE,1
13215001600,TRUE,1
13215001800,TRUE,1
13215002000,TRUE,1
13215002100,TRUE,1
13215002200,TRUE,1
13215002300,TRUE,1
13215002400,TRUE,1
13215002500,TRUE,1
13215002700,TRUE,1
13215002800,TRUE,1
13215002901,TRUE,1
13215002902,TRUE,1
13215003000,TRUE,1
13215003200,TRUE,1
13215003301,TRUE,1
13215003302,TRUE,1
13215003400,TRUE,1
13215010106,FALSE,0
13215010108,FALSE,0
13215010109,FALSE,0
13215010110,FALSE,0
13215010111,FALSE,0
13215010204,FALSE,0
13215010205,FALSE,0
13215010206,FALSE,0
13215010207,FALSE,0
13215010208,FALSE,0
13215010209,FALSE,0
13215010301,FALSE,0
13215010303,FALSE,0
13215010304,FALSE,0
13215010401,FALSE,0
13215010402,FALSE,0
13215010501,FALSE,0
13215010502,TRUE,1
13215010602,TRUE,1
13215010605,TRUE,1
13215010606,FALSE,0
13215010607,TRUE,1
13215010608,TRUE,1
13215010701,TRUE,1
13215010702,TRUE,1
13215010704,TRUE,1
13215010705,TRUE,1
13215010801,FALSE,0
13215010802,FALSE,0
13215011100,TRUE,1
13215011200,TRUE,1
13215011400,TRUE,1
13215011500,TRUE,1
13217100101,FALSE,0
13217100102,FALSE,0
13217100202,FALSE,0
13217100203,FALSE,0
13217100204,FALSE,0
13217100301,FALSE,0
13217100302,FALSE,0
13217100400,TRUE,1
13217100503,FALSE,0
13217100504,FALSE,0
13217100505,FALSE,0
13217100506,FALSE,0
13217100507,FALSE,0
13217100600,TRUE,1
13217100701,TRUE,1
13217100702,TRUE,1
13217100801,TRUE,1
13217100802,TRUE,1
13217100902,FALSE,0
13217100903,FALSE,0
13217100904,FALSE,0
13217100905,FALSE,0
13219030101,FALSE,0
13219030102,FALSE,0
13219030103,FALSE,0
13219030104,FALSE,0
13219030201,FALSE,0
13219030202,FALSE,0
13219030300,FALSE,0
13219030401,FALSE,0
13219030402,FALSE,0
13219030500,FALSE,0
13219030600,FALSE,0
13221960100,TRUE,1
13221960203,FALSE,0
13221960204,FALSE,0
13221960205,FALSE,0
13221960206,FALSE,0
13221960300,FALSE,0
13223120104,FALSE,0
13223120105,FALSE,0
13223120106,FALSE,0
13223120107,FALSE,0
13223120108,FALSE,0
13223120109,FALSE,0
13223120110,FALSE,0
13223120111,FALSE,0
13223120203,FALSE,0
13223120205,FALSE,0
13223120206,FALSE,0
13223120207,FALSE,0
13223120208,FALSE,0
13223120301,FALSE,0
13223120303,FALSE,0
13223120304,FALSE,0
13223120305,FALSE,0
13223120306,FALSE,0
13223120307,FALSE,0
13223120401,FALSE,0
13223120402,FALSE,0
13223120403,FALSE,0
13223120503,FALSE,0
13223120504,FALSE,0
13223120505,FALSE,0
13223120506,FALSE,0
13223120507,FALSE,0
13223120601,FALSE,0
13223120603,FALSE,0
13223120604,FALSE,0
13223120605,FALSE,0
13223120606,FALSE,0
13223120607,FALSE,0
13225040101,FALSE,0
13225040103,FALSE,0
13225040104,FALSE,0
13225040105,FALSE,0
13225040200,TRUE,1
13225040301,TRUE,1
13225040302,TRUE,1
13225040400,TRUE,1
13227050101,FALSE,0
13227050102,FALSE,0
13227050201,FALSE,0
13227050202,FALSE,0
13227050300,TRUE,1
13227050400,FALSE,0
13227050500,FALSE,0
13227050601,FALSE,0
13227050602,FALSE,0
13229960100,TRUE,1
13229960200,TRUE,1
13229960301,FALSE,0
13229960302,FALSE,0
13229960401,TRUE,1
13229960402,TRUE,1
13231010101,FALSE,0
13231010102,FALSE,0
13231010200,FALSE,0
13231010300,FALSE,0
13231010400,FALSE,0
13233010100,FALSE,0
13233010201,TRUE,1
13233010202,TRUE,1
13233010300,TRUE,1
13233010400,TRUE,1
13233010500,TRUE,1
13233010600,TRUE,1
13233010700,TRUE,1
13235950100,TRUE,1
13235950201,FALSE,0
13235950202,FALSE,0
13235950300,TRUE,1
13237960101,FALSE,0
13237960103,FALSE,0
13237960104,FALSE,0
13237960201,TRUE,1
13237960203,TRUE,1
13237960204,TRUE,1
13237960301,FALSE,0
13237960302,FALSE,0
13239960300,TRUE,1
13241970101,TRUE,1
13241970102,TRUE,1
13241970103,TRUE,1
13241970201,FALSE,0
13241970202,TRUE,1
13241970302,TRUE,1
13241970303,TRUE,1
13241970304,TRUE,1
13243790100,TRUE,1
13243790200,TRUE,1
13245000100,FALSE,0
13245000200,TRUE,1
13245000300,TRUE,1
13245000600,TRUE,1
13245000700,TRUE,1
13245001000,TRUE,1
13245001100,FALSE,0
13245001200,TRUE,1
13245001300,TRUE,1
13245001400,TRUE,1
13245001602,TRUE,1
13245001603,TRUE,1
13245001604,TRUE,1
13245010101,FALSE,0
13245010104,FALSE,0
13245010105,FALSE,0
13245010107,FALSE,0
13245010108,FALSE,0
13245010109,FALSE,0
13245010201,FALSE,0
13245010203,FALSE,0
13245010205,FALSE,0
13245010206,FALSE,0
13245010207,FALSE,0
13245010208,FALSE,0
13245010300,TRUE,1
13245010400,TRUE,1
13245010506,TRUE,1
13245010507,TRUE,1
13245010508,TRUE,1
13245010509,TRUE,1
13245010510,TRUE,1
13245010511,TRUE,1
13245010512,TRUE,1
13245010513,FALSE,0
13245010514,FALSE,0
13245010515,FALSE,0
13245010601,TRUE,1
13245010602,TRUE,1
13245010706,TRUE,1
13245010707,TRUE,1
13245010708,TRUE,1
13245010709,FALSE,0
13245010710,FALSE,0
13245010711,FALSE,0
13245010713,FALSE,0
13245010714,FALSE,0
13245010801,TRUE,1
13245010802,TRUE,1
13245010903,FALSE,0
13245010904,FALSE,0
13245010905,FALSE,0
13245010907,FALSE,0
13245010908,FALSE,0
13245011000,TRUE,1
13245011100,FALSE,0
13247060101,FALSE,0
13247060103,FALSE,0
13247060104,FALSE,0
13247060201,FALSE,0
13247060203,FALSE,0
13247060204,FALSE,0
13247060305,TRUE,1
13247060306,TRUE,1
13247060310,FALSE,0
13247060311,FALSE,0
13247060312,FALSE,0
13247060313,FALSE,0
13247060314,FALSE,0
13247060315,FALSE,0
13247060316,FALSE,0
13247060317,FALSE,0
13247060318,FALSE,0
13247060403,FALSE,0
13247060406,FALSE,0
13247060407,FALSE,0
13247060408,FALSE,0
13247060409,FALSE,0
13247060410,FALSE,0
13247060411,FALSE,0
13249960100,TRUE,1
13249960200,FALSE,0
13251970200,TRUE,1
13251970300,TRUE,1
13251970401,TRUE,1
13251970402,TRUE,1
13251970500,TRUE,1
13251970600,TRUE,1
13253200100,TRUE,1
13253200200,TRUE,1
13253200300,TRUE,1
13255160101,TRUE,1
13255160102,TRUE,1
13255160201,FALSE,0
13255160202,FALSE,0
13255160300,TRUE,1
13255160401,TRUE,1
13255160402,TRUE,1
13255160500,FALSE,0
13255160600,FALSE,0
13255160701,FALSE,0
13255160702,FALSE,0
13255160800,TRUE,1
13255160900,TRUE,1
13255161000,FALSE,0
13255161100,FALSE,0
13255161201,FALSE,0
13255161202,FALSE,0
13257970101,FALSE,0
13257970102,FALSE,0
13257970201,FALSE,0
13257970202,FALSE,0
13257970301,TRUE,1
13257970302,TRUE,1
13257970401,TRUE,1
13257970402,TRUE,1
13259950100,TRUE,1
13259950400,TRUE,1
13261950100,FALSE,0
13261950200,FALSE,0
13261950300,TRUE,1
13261950400,TRUE,1
13261950500,FALSE,0
13261950600,TRUE,1
13261950700,TRUE,1
13261950800,TRUE,1
13263960100,TRUE,1
13263960200,TRUE,1
13263960300,TRUE,1
13265010200,TRUE,1
13267950100,FALSE,0
13267950202,TRUE,1
13267950203,TRUE,1
13267950204,TRUE,1
13267950300,TRUE,1
13267950401,FALSE,0
13267950402,FALSE,0
13269950100,TRUE,1
13269950200,TRUE,1
13269950301,TRUE,1
13269950302,TRUE,1
13271950101,TRUE,1
13271950102,TRUE,1
13271950103,TRUE,1
13271950200,TRUE,1
13271950500,TRUE,1
13273120200,TRUE,1
13273120300,TRUE,1
13273120400,TRUE,1
13273120500,TRUE,1
13275960100,TRUE,1
13275960200,FALSE,0
13275960300,TRUE,1
13275960400,TRUE,1
13275960501,FALSE,0
13275960502,FALSE,0
13275960601,FALSE,0
13275960602,FALSE,0
13275960701,TRUE,1
13275960702,TRUE,1
13275960800,TRUE,1
13275960900,TRUE,1
13275961000,FALSE,0
13275961100,TRUE,1
13277960100,FALSE,0
13277960200,FALSE,0
13277960301,FALSE,0
13277960302,FALSE,0
13277960401,FALSE,0
13277960402,FALSE,0
13277960500,FALSE,0
13277960601,TRUE,1
13277960602,TRUE,1
13277960700,TRUE,1
13277960800,TRUE,1
13277960900,TRUE,1
13279970101,TRUE,1
13279970102,TRUE,1
13279970201,TRUE,1
13279970202,TRUE,1
13279970301,FALSE,0
13279970302,FALSE,0
13279970400,TRUE,1
13279970500,TRUE,1
13279970600,TRUE,1
13281960100,FALSE,0
13281960200,FALSE,0
13281960301,TRUE,1
13281960302,TRUE,1
13283960100,TRUE,1
13283960200,TRUE,1
13285960101,TRUE,1
13285960102,TRUE,1
13285960201,FALSE,0
13285960202,FALSE,0
13285960300,FALSE,0
13285960401,TRUE,1
13285960402,TRUE,1
13285960501,TRUE,1
13285960503,TRUE,1
13285960504,TRUE,1
13285960600,TRUE,1
13285960700,TRUE,1
13285960800,TRUE,1
13285960901,FALSE,0
13285960903,FALSE,0
13285960904,FALSE,0
13285961000,TRUE,1
13285961100,FALSE,0
13287970201,TRUE,1
13287970202,TRUE,1
13287970300,TRUE,1
13289060101,TRUE,1
13289060102,TRUE,1
13289060200,TRUE,1
13291000101,TRUE,1
13291000103,TRUE,1
13291000104,TRUE,1
13291000201,FALSE,0
13291000203,FALSE,0
13291000204,FALSE,0
13291000206,FALSE,0
13291000207,FALSE,0
13293010100,TRUE,1
13293010201,TRUE,1
13293010202,FALSE,0
13293010300,FALSE,0
13293010401,TRUE,1
13293010402,TRUE,1
13293010500,TRUE,1
13293010600,TRUE,1
13295020101,TRUE,1
13295020102,TRUE,1
13295020200,TRUE,1
13295020301,TRUE,1
13295020302,TRUE,1
13295020400,FALSE,0
13295020503,FALSE,0
13295020504,FALSE,0
13295020505,FALSE,0
13295020506,FALSE,0
13295020601,FALSE,0
13295020602,TRUE,1
13295020701,TRUE,1
13295020702,TRUE,1
13295020800,TRUE,1
13295020902,FALSE,0
13295020903,FALSE,0
13295020904,FALSE,0
13297110101,FALSE,0
13297110102,FALSE,0
13297110200,FALSE,0
13297110301,TRUE,1
13297110302,TRUE,1
13297110400,FALSE,0
13297110503,FALSE,0
13297110504,FALSE,0
13297110505,FALSE,0
13297110506,FALSE,0
13297110508,FALSE,0
13297110509,FALSE,0
13297110510,FALSE,0
13297110601,FALSE,0
13297110602,FALSE,0
13297110603,FALSE,0
13297110701,TRUE,1
13297110702,TRUE,1
13297110801,FALSE,0
13297110802,FALSE,0
13299950100,FALSE,0
13299950200,TRUE,1
13299950300,TRUE,1
13299950400,TRUE,1
13299950500,FALSE,0
13299950600,FALSE,0
13299950700,TRUE,1
13299950801,TRUE,1
13299950802,TRUE,1
13299950900,FALSE,0
13301970400,TRUE,1
13301970500,TRUE,1
13303950100,FALSE,0
13303950300,TRUE,1
13303950400,TRUE,1
13303950500,TRUE,1
13303950700,TRUE,1
13305970100,FALSE,0
13305970201,TRUE,1
13305970202,TRUE,1
13305970300,TRUE,1
13305970400,FALSE,0
13305970500,FALSE,0
13305970600,FALSE,0
13307960100,TRUE,1
13307960200,TRUE,1
13309780100,TRUE,1
13309780200,TRUE,1
13311950101,FALSE,0
13311950102,FALSE,0
13311950202,FALSE,0
13311950204,FALSE,0
13311950205,FALSE,0
13311950206,FALSE,0
13311950207,FALSE,0
13311950301,TRUE,1
13311950302,TRUE,1
13313000101,FALSE,0
13313000103,FALSE,0
13313000104,FALSE,0
13313000200,FALSE,0
13313000301,FALSE,0
13313000303,FALSE,0
13313000304,FALSE,0
13313000401,TRUE,1
13313000402,TRUE,1
13313000501,FALSE,0
13313000502,FALSE,0
13313000600,FALSE,0
13313000700,FALSE,0
13313000801,FALSE,0
13313000802,FALSE,0
13313000900,FALSE,0
13313001000,TRUE,1
13313001100,FALSE,0
13313001200,TRUE,1
13313001300,TRUE,1
13313001400,FALSE,0
13313001500,FALSE,0
13315960100,TRUE,1
13315960200,TRUE,1
13315960300,TRUE,1
13315960400,TRUE,1
13317010101,TRUE,1
13317010102,TRUE,1
13317010301,TRUE,1
13317010302,TRUE,1
13319960200,FALSE,0
13319960300,TRUE,1
13319960400,TRUE,1
13321950100,TRUE,1
13321950201,TRUE,1
13321950202,TRUE,1
13321950400,TRUE,1
13321950500,TRUE,1
13321950600,FALSE,0
